{"farPlane": 7.88551982890656, "nearPlane": 0.1942759914453282, "eyePosition": [-0.19299953313204699, 0.1752315832836798, 3.8820043415202754], "targetPosition": [-0.028125000000000067, 0.18632309217046583, 0.0], "upVector": [-0.013471112614379867, 0.9999066501519196, 0.002284755325537666], "viewAngle": 0.6981317007977084}