{"metadata": {"formatVersion": 3, "description": "Exported from LibZinc."}, "materials": [{"DbgColor": 15658734, "DbgIndex": 0, "DbgName": "my_material", "colorDiffuse": [0, 0, 1], "colorSpecular": [0.1, 0.1, 0.1], "shading": "Phong", "specularCoef": 20, "opacity": 1, "vertexColors": true}], "vertices": [0.34448, 0.524351, 0.180007, 0.344526, 0.52423, 0.180123, 0.344526, 0.52423, 0.180123, 0.344572, 0.524109, 0.180239, 0.344572, 0.524109, 0.180239, 0.344619, 0.523988, 0.180355], "faces": [0, 0, 1, 2, 0, 3, 4, 5]}