{"farPlane": 15.034846730083222, "nearPlane": 0.0015413037284832596, "eyePosition": [-0.21041507347040558, 0.5378429830556671, 3.773263371151067], "targetPosition": [0.041130132430442314, 0.2282410968679585, 0.1724354212620489], "upVector": [0.009306552365784418, 0.9963361563752642, -0.08501559611287778], "viewAngle": 0.698131700797731}