{"farPlane": 19.41244996182334, "nearPlane": 0.0019678589729867123, "eyePosition": [-1.1535207856473453, 3.609831657539001, -0.2909908560178532], "targetPosition": [-0.037300169467926025, -0.1138591468334198, -0.2983344793319702], "upVector": [0.20219860419443367, 0.05868350724632071, 0.9775847638129367], "viewAngle": 0.6981317007977318}